-- phpMyAdmin SQL Dump
-- version 5.0.2
-- https://www.phpmyadmin.net/
--
-- Servidor: 127.0.0.1
-- Tiempo de generación: 03-03-2021 a las 08:26:00
-- Versión del servidor: 10.4.14-MariaDB
-- Versión de PHP: 7.4.10

SET SQL_MODE = "NO_AUTO_VALUE_ON_ZERO";
START TRANSACTION;
SET time_zone = "+00:00";


/*!40101 SET @OLD_CHARACTER_SET_CLIENT=@@CHARACTER_SET_CLIENT */;
/*!40101 SET @OLD_CHARACTER_SET_RESULTS=@@CHARACTER_SET_RESULTS */;
/*!40101 SET @OLD_COLLATION_CONNECTION=@@COLLATION_CONNECTION */;
/*!40101 SET NAMES utf8mb4 */;

--
-- Base de datos: `musica`
--
CREATE DATABASE IF NOT EXISTS `musica` DEFAULT CHARACTER SET utf8mb4 COLLATE utf8mb4_general_ci;
USE `musica`;

-- --------------------------------------------------------

--
-- Estructura de tabla para la tabla `albumes`
--

CREATE TABLE `albumes` (
  `idAlbum` int(3) DEFAULT NULL,
  `nombreCD` varchar(20) DEFAULT NULL,
  `idAutor` int(3) DEFAULT NULL,
  `nombre` varchar(45) DEFAULT NULL,
  `idCasa` varchar(2) DEFAULT NULL,
  `duracion` int(2) DEFAULT NULL
) ENGINE=InnoDB DEFAULT CHARSET=utf8;

--
-- Volcado de datos para la tabla `albumes`
--

INSERT INTO `albumes` (`idAlbum`, `nombreCD`, `idAutor`, `nombre`, `idCasa`, `duracion`) VALUES
(1, 'R MP3 V', 12, 'Pasajes de un sueño', '3', 44),
(2, 'R MP3 V', 2, 'Stiff upper lip', '', 40),
(3, 'R MP3 V', 31, 'La extraordinaria paradoja del sonido quijano', '', 70),
(4, 'R MP3 V', 50, 'Tal cual es', '', 36),
(5, 'R MP3 V', 61, 'Píntame', '', 32),
(6, 'R MP3 V', 71, 'Donde está la vida', '', 43),
(7, 'R MP3 V', 91, 'Better part of me', '', 42),
(8, 'R MP3 V', 104, 'Vísperas de carnaval', '3', 45),
(9, 'R MP3 V', 127, 'Ta\' trancao', '', 36),
(10, 'R MP3 V', 148, 'Minage', '', 31),
(11, 'R MP3 V', 211, 'Hooray for boobies', '5', 43),
(12, 'R MP3 VI', 119, 'La marisma me llama', '', 44),
(13, 'R MP3 VI', 122, 'Cabo do mundo', '', 38),
(14, 'R MP3 VI', 147, 'En un cortijo grande', '', 45),
(15, 'R MP3 VI', 156, 'My promise', '', 35),
(16, 'R MP3 VI', 157, 'Standin on the shoulder of giants', '1', 58),
(17, 'R MP3 VI', 167, 'De feria en feria', '', 42),
(18, 'R MP3 VI', 174, 'Sueño tu boca', '', 38),
(19, 'R MP3 VI', 188, 'Lunas Rotas', '', 36),
(20, 'R MP3 VI', 196, 'Come on over', '', 37),
(21, 'R MP3 VI', 213, 'Everybody elese is doing it...', '', 55),
(22, 'R MP3 VI', 213, 'No need to argue', '', 41),
(23, 'R MP3 VI', 220, 'The heat', '', 33),
(24, 'R MP3 VII', 3, 'Minor earth, major sky', '', 47),
(25, 'R MP3 VII', 18, 'Babel fish', '', 35),
(26, 'R MP3 VII', 25, 'Sabor a méxico', '', 39),
(27, 'R MP3 VII', 33, 'Simplemente amor', '', 41),
(28, 'R MP3 VII', 49, 'Think Like a girl', '', 42),
(29, 'R MP3 VII', 54, 'Cherry-living in present future', '', 56),
(30, 'R MP3 VII', 68, 'Estopa', '', 31),
(31, 'R MP3 VII', 80, 'Brave new world', '1', 40),
(32, 'R MP3 VII', 99, 'King Africa', '', 36),
(33, 'R MP3 VII', 102, 'Una noche en EL 7º', '1', 43),
(34, 'R MP3 VII', 163, 'Binaural', '', 33),
(35, 'R MP3 VII', 175, 'Echale azucar', '', 38),
(36, 'R MP3 VII', 228, 'Rumbas sin fronteras vol.3', '', 51),
(37, 'R MP3 VIII', 6, 'Viviendo deprisa', '', 41),
(38, 'R MP3 VIII', 9, 'Mucho mas que dos', '', 42),
(39, 'R MP3 VIII', 11, 'Eternamente', '', 36),
(40, 'R MP3 VIII', 27, 'Crush', '6', 30),
(41, 'R MP3 VIII', 29, 'Opps ... I did it again', '7', 48),
(42, 'R MP3 VIII', 79, 'Sola', '', 29),
(43, 'R MP3 VIII', 139, 'La cuesta de Mr. Bond', '', 46),
(44, 'R MP3 VIII', 153, 'Canailla', '', 33),
(45, 'R MP3 VIII', 194, 'Sweet oblivion', '', 39),
(46, 'R MP3 VIII', 199, 'Eurosis', '2', 32),
(47, 'R MP3 VIII', 202, 'Down on the upside', '', 43),
(48, 'R GREATEST HITS VIII', 228, 'Anuncios TV vol.3', '6', 42),
(49, 'R GREATEST HITS VIII', 21, 'Memories', '', 33),
(50, 'R GREATEST HITS VIII', 30, 'Live in New York', '', 41),
(51, 'R GREATEST HITS VIII', 37, 'Nos vemos en los bares', '3', 47),
(52, 'R GREATEST HITS VIII', 115, 'Por el aire va', '2', 39),
(53, 'R GREATEST HITS VIII', 149, 'Fuego y madera', '', 39),
(54, 'R GREATEST HITS VIII', 186, 'La más grande', '', 38),
(55, 'R GREATEST HITS VIII', 216, 'Lo mejor de Tijeritas', '', 46),
(57, 'R 40 PRINCIPALES VI', 27, 'Keep the faith', '', 39),
(58, 'R 40 PRINCIPALES VI', 41, 'Mi vida sin tu amor', '', 44),
(59, 'R 40 PRINCIPALES VI', 45, 'Dile que la quiero', '', 43),
(60, 'R 40 PRINCIPALES VI', 51, 'On every street', '', 40),
(61, 'R 40 PRINCIPALES VI', 58, 'Marta y Marilia', '2', 40),
(62, 'R 40 PRINCIPALES VI', 72, 'The score', '', 34),
(63, 'R 40 PRINCIPALES VI', 116, 'El ser Humano es raro', '', 46),
(64, 'R 40 PRINCIPALES VI', 121, 'A little bit of mambo', '', 46),
(65, 'R 40 PRINCIPALES VI', 155, 'Return of saturn', '', 41),
(66, 'R 40 PRINCIPALES VI', 159, 'A lo cubano', '', 36),
(67, 'R 40 PRINCIPALES VI', 193, 'Acústico', '', 33),
(68, 'R 40 PRINCIPALES VI', 198, 'Unleash the dragon', '', 43),
(69, 'R MUSIC X', 154, 'Rough tapes', '6', 36),
(70, 'R MUSIC X', 177, 'Bood sugar sex magik', '5', 45),
(71, 'R MUSIC X', 154, 'Bleach', '', 31),
(72, 'R MUSIC X', 154, 'From the muddy bank of the Wishkah', '5', 59),
(73, 'R MUSIC X', 154, 'In utero', '', 33),
(74, 'R MUSIC X', 208, 'Eve', '', 28),
(75, 'R MUSIC X', 208, 'I robot', '2', 32),
(76, 'R MUSIC X', 208, 'Pyramid', '2', 32),
(77, 'R MUSIC X', 208, 'Turn of a friendly card', '2', 48),
(78, 'R MUSIC X', 82, 'De vuelta y media', '', 42),
(79, 'R MUSIC X', 172, 'Renegades', '', 34),
(80, 'R MUSIC X', 184, 'Desafíame', '3', 34),
(81, 'R MUSIC X', 200, 'Sonia Terol', '', 36),
(82, 'R VANGELIS', 227, 'Albedo', '', 31),
(83, 'R VANGELIS', 227, 'Antartica', '', 34),
(84, 'R VANGELIS', 227, 'Blade Runner', '1', 37),
(85, 'R VANGELIS', 227, 'Carros de fuego', '2', 40),
(86, 'R VANGELIS', 227, 'China', '', 30),
(87, 'R VANGELIS', 227, 'Direct', '2', 31),
(88, 'R VANGELIS', 227, 'Heaven and hell', '1', 40),
(89, 'R VANGELIS', 227, 'Mask', '3', 29),
(90, 'R VANGELIS', 227, 'Opera sauvage', '', 38),
(91, 'R VANGELIS', 227, 'See you later', '', 38),
(92, 'R VANGELIS', 227, 'Soil festivities', '', 41),
(93, 'R VANGELIS', 227, 'Spiral', '', 31),
(94, 'R VANGELIS', 227, 'The city', '', 33),
(95, 'R VANGELIS', 227, 'Voices', '', 31),
(96, 'R U2', 224, 'Achtung baby', '', 37),
(97, 'R U2', 224, 'Boy', '10', 28),
(98, 'R U2', 224, 'October', '', 32),
(99, 'R U2', 224, 'Passengers', '3', 35),
(100, 'R U2', 224, 'Rattle and hum', '', 39),
(101, 'R U2', 224, 'The Joshua three', '', 41),
(102, 'R U2', 224, 'The unforgettable fire', '', 47),
(103, 'R U2', 224, 'Wide awake in America', '8', 46),
(104, 'R U2', 224, 'Live under a blood red sky', '', 51),
(105, 'R U2', 224, 'War', '2', 28),
(106, 'R U2', 224, 'Zooropa', '5', 32),
(107, 'R U2', 224, 'Pop', '7', 28),
(108, 'R RECOPILATORIOS II', 3, 'The hits of A-HA', '', 41),
(109, 'R RECOPILATORIOS II', 22, 'The Ultimate collection', '', 48),
(110, 'R RECOPILATORIOS II', 228, 'Cue Mix', '', 32),
(111, 'R RECOPILATORIOS II', 228, 'Gran hermano', '1', 37),
(112, 'R RECOPILATORIOS II', 120, 'Grandes éxitos vol. 2', '1', 46),
(113, 'R RECOPILATORIOS II', 224, 'The Best of U2', '', 39),
(114, 'R RECOPILATORIOS II', 219, 'Gold', '', 29),
(115, 'R MUSIC VI', 26, 'Chant down Babylon', '1', 43),
(116, 'R MUSIC VI', 26, 'Kaya', '10', 29),
(117, 'R MUSIC VI', 26, 'Legend', '', 31),
(118, 'R MUSIC VI', 35, 'De lo perdío y otras coplas', '', 52),
(119, 'R MUSIC VI', 77, 'Cuts both ways', '', 39),
(120, 'R MUSIC VI', 135, 'Mechanicals animals', '', 44),
(121, 'R MUSIC VI', 190, 'Lovers rock', '', 36),
(122, 'R MUSIC VI', 201, 'Grave dancers union', '1', 44),
(123, 'R MUSIC VI', 224, 'All that you can´t leave behind', '', 56),
(124, 'R MUSIC VI', 230, 'Ciudad de las ideas', '6', 44),
(125, 'R J.M.JARRE', 81, 'Chronologie', '2', 36),
(126, 'R J.M.JARRE', 81, 'Equinoxe', '6', 33),
(127, 'R J.M.JARRE', 81, 'Hong Kong', '', 34),
(128, 'R J.M.JARRE', 81, 'Live', '', 29),
(129, 'R J.M.JARRE', 81, 'Magnetic fields', '', 40),
(130, 'R J.M.JARRE', 81, 'Oxygene', '10', 32),
(131, 'R J.M.JARRE', 81, 'Oxygene 7 - 13', '10', 39),
(132, 'R J.M.JARRE', 81, 'Rendez - vous', '', 38),
(133, 'R J.M.JARRE', 81, 'Revolutions', '', 36),
(134, 'R J.M.JARRE', 81, 'The concert in China', '', 45),
(135, 'R J.M.JARRE', 81, 'Waiting for Cousteau', '', 45),
(136, 'R J.M.JARRE', 81, 'Zoolook', '5', 32),
(137, 'R POP ROCK III', 5, 'Supposed former infatuation junkie', '7', 59),
(138, 'R POP ROCK III', 13, 'Sueño', '', 30),
(139, 'R POP ROCK III', 39, 'The greatest hits', '', 42),
(140, 'R POP ROCK III', 53, 'Sister', '3', 31),
(141, 'R POP ROCK III', 82, 'La flaca', '', 33),
(142, 'R POP ROCK III', 83, 'On the 6', '', 33),
(143, 'R POP ROCK III', 88, '19 días y 500 noches', '', 45),
(144, 'R POP ROCK III', 92, 'Alma', '', 29),
(145, 'R POP ROCK III', 126, 'No hay luz sin día', '', 43),
(146, 'R POP ROCK III', 128, 'Cambiarás', '', 34),
(147, 'R POP ROCK III', 144, 'The milenium tubulars bells', '', 52),
(148, 'R POP ROCK III', 212, 'Unplugged', '7', 34),
(149, 'R POP ROCK X', 58, 'E.B.S.', '', 31),
(150, 'R POP ROCK X', 58, 'Ella Baila Sola', '', 40),
(151, 'R POP ROCK X', 81, 'Metamorphosis', '', 38),
(152, 'R POP ROCK X', 46, 'Lo mejor CD1', '', 37),
(153, 'R POP ROCK X', 46, 'Lo mejor CD2', '', 37),
(154, 'R POP ROCK X', 169, 'I won´t forget you', '', 43),
(155, 'R POP ROCK X', 191, 'The Best of Santana', '', 44),
(156, 'R POP ROCK X', 221, 'Fantastic', '', 34),
(157, 'R POP ROCK X', 229, 'CD1', '', 28),
(158, 'R POP ROCK X', 229, 'CD2', '', 28),
(159, 'R POP ROCK X', 229, 'CD2', '', 28),
(160, 'R POP ROCK X', 229, 'CD2', '', 28),
(162, 'LS  1', 144, 'Tubular Bell', '', 37),
(163, 'LS  1', 144, 'Tubular Bell II', '', 40),
(164, 'LS  1', 59, 'Live at the Royal Albert Hall', '', 54),
(165, 'LS  1', 59, 'Works live', '2', 35),
(166, 'LS  1', 96, 'Point of Know return', '', 45),
(167, 'LS  1', 96, 'In the spirit of things', '', 48),
(168, 'LS  1', 32, 'Alive record', '', 37),
(169, 'LS  1', 32, 'Rajaz', '4', 30),
(170, 'LS  1', 85, 'Minstrel in the gallery', '', 48),
(171, 'LS  1', 85, 'Aqualung', '6', 33),
(172, 'LS  1', 85, 'Catfish rising', '', 39),
(173, 'LS  1', 85, 'Roots to branches', '5', 42),
(174, 'LS  2', 75, 'Tresspass', '', 34),
(175, 'LS  2', 75, 'Nursey Cryme', '2', 37),
(176, 'LS  2', 75, 'Foxtrot', '', 32),
(177, 'LS  2', 75, 'The Lamb lies down on Broadway', '', 55),
(178, 'LS  2', 75, 'Sailling England by the pound', '', 54),
(179, 'LS  2', 75, 'A trick of the tail', '', 44),
(180, 'LS  2', 100, 'In the court of the Crimson king', '', 57),
(181, 'LS  2', 100, 'In the wake of Poseidon', '', 48),
(182, 'LS  2', 100, 'Lark´s tongue in aspic', '2', 47),
(183, 'LS  2', 100, 'Islands', '', 32),
(184, 'LS  2', 100, 'Red', '8', 28),
(185, 'LS  2', 100, 'Starless and bible black', '1', 49),
(186, 'LS  2', 100, 'Discipline', '3', 35),
(187, 'LS  2', 4, 'Eye in the Sky', '', 39),
(188, 'LS  2', 17, 'The Last of mohican', '', 44),
(189, 'LS  3', 1, 'Gold', '', 29),
(190, 'LS  3', 4, 'The Time machine', '', 41),
(191, 'LS  3', 20, 'Millenium', '', 34),
(192, 'LS  3', 31, 'La extraordinaria paradoja del sonido quijano', '', 70),
(193, 'LS  3', 66, 'Chronicles (The Best)', '2', 46),
(194, 'LS  3', 66, 'The very best', '', 38),
(195, 'LS  3', 70, 'Grandes Exitos', '1', 39),
(196, 'LS  3', 203, 'The Best', '', 33),
(197, 'LS  3', 219, 'Gold', '', 29),
(198, 'LS  3', 219, 'Reload', '', 31),
(199, 'LS  4', 166, 'The piper at the gates of dawn', '', 55),
(200, 'LS  4', 166, 'More', '2', 29),
(201, 'LS  4', 166, 'Atom heart mother', '5', 42),
(202, 'LS  4', 166, 'The Dark side of the moon', '', 50),
(203, 'LS  4', 166, 'Wish you were here', '3', 43),
(204, 'LS  4', 166, 'Animals', '', 32),
(205, 'LS  4', 166, 'The Wall', '', 33),
(206, 'LS  4', 166, 'A momentary lapse of reason', '', 52),
(207, 'LS  4', 166, 'The division bell', '', 42),
(208, 'LS  4', 166, 'Pulse', '', 30),
(209, 'LS  5', 210, 'Please, Please me', '', 42),
(210, 'LS  5', 210, 'With the Beatles', '', 41),
(211, 'LS  5', 210, 'A hard day´s night', '', 43),
(212, 'LS  5', 210, 'Beatles for sale', '1', 41),
(213, 'LS  5', 210, 'Help!', '', 30),
(214, 'LS  5', 210, 'Rubber Soul', '', 36),
(215, 'LS  5', 210, 'Revolver', '', 33),
(216, 'LS  5', 210, 'Magical mystery tour', '', 45),
(217, 'LS  5', 210, 'Abbey Road', '', 35),
(218, 'LS  5', 210, 'Yellow Submarine', '', 41),
(219, 'LS  5', 210, 'White Album', '', 36),
(220, 'LS  5', 210, 'Anthology', '', 34),
(221, 'LS  5', 51, 'Dire Straits', '2', 37),
(222, 'LS  5', 51, 'Communique', '', 35),
(223, 'LS  6', 105, 'Dile al sol', '', 36),
(224, 'LS  6', 161, 'Pipes of peace', '7', 39),
(225, 'LS  6', 161, 'Give my regards to broad street', '', 56),
(226, 'LS  6', 150, 'Jonathan Livington Seagull', '', 51),
(227, 'LS  6', 74, '1982 Ballads & Blues 1994', '', 50),
(228, 'LS  6', 140, 'Grandes Exitos', '1', 39),
(229, 'LS  6', 206, 'Crisis? Wat crisis?', '', 44),
(230, 'LS  6', 206, 'Breakfast in America', '', 45),
(231, 'LS  6', 206, 'Crime of the century', '', 45),
(232, 'LS  6', 206, 'Even in the quietest moments', '', 53),
(233, 'LS  6', 206, 'Some things never change', '', 49),
(234, 'LS  6', 206, 'Indelibly stamped', '8', 42),
(235, 'LS  6', 206, 'Surely', '2', 31),
(236, 'LS  7', 51, 'Making movies', '4', 38),
(237, 'LS  7', 51, 'Lover over gold', '', 40),
(238, 'LS  7', 51, 'Alchemist', '', 34),
(239, 'LS  7', 51, 'Brothers in arms', '5', 41),
(240, 'LS  7', 51, 'On every street', '', 40),
(241, 'LS  7', 51, 'The very best', '', 38),
(242, 'LS  7', 136, 'Cal', '', 28),
(243, 'LS  7', 136, 'Local Hero', '', 35),
(244, 'LS  7', 136, 'Golden Heart', '', 37),
(245, 'LS  7', 136, 'Sailing to Philadelphia', '', 48),
(246, 'LS  7', 136, 'Last exit to Brooklyn', '3', 46),
(247, 'LS  7', 136, 'Screen Playing', '2', 39),
(248, 'LS  8', 4, 'I Robot', '2', 32),
(249, 'LS  8', 4, 'Eve', '', 28),
(250, 'LS  8', 4, 'Pyramid', '2', 32),
(251, 'LS  8', 4, 'Eye In the Sky', '', 39),
(252, 'LS  8', 4, 'The Time Machine', '', 41),
(253, 'LS  8', 4, 'The Turn of a friendly card', '', 52),
(254, 'LS  8', 4, 'Tales of Mistery and Imagination', '', 57),
(255, 'LS  8', 59, 'Pictures and Exibition', '', 47),
(256, 'LS  8', 59, 'Trilogy', '', 32),
(257, 'LS  8', 59, 'Live at the Royal Albert Hall', '', 54),
(258, 'LS  8', 59, 'Works live', '2', 35),
(259, 'LS  8', 197, 'Picture Box', '', 36),
(260, 'LS  8', 217, 'Simply the best', '', 40),
(261, 'LS  8', 217, 'Wildest Dreams', '', 39),
(262, 'LS  9', 210, '1962 - 1966 ( Rojo)', '', 44),
(263, 'LS  9', 210, '1967 - 1970 ( Azul )', '', 45),
(264, 'LS  9', 210, 'Beatles One', '1', 36),
(265, 'LS  9', 210, 'Let it be', '', 34),
(266, 'LS  9', 210, 'Sgt. Pepper´s Lonely Heart Club Band', '', 61),
(267, 'LS  9', 6, 'Básico', '3', 31),
(268, 'LS  9', 6, 'El alma al aire', '', 40),
(269, 'LS  9', 6, 'Mas', '3', 28),
(270, 'LS  9', 6, 'Si tu me miras', '', 39),
(271, 'LS  9', 6, 'Viviendo deprisa', '', 41),
(272, 'LS  9', 6, 'Alejandro Sanz 3', '', 41),
(273, 'LS 10', 171, 'Memoria del Porvenir', '', 45),
(274, 'LS 10', 171, 'Simplemente lo mejor', '', 45),
(275, 'LS 10', 88, '19 días y 500 noches', '', 45),
(276, 'LS 10', 143, 'Rock & Rios', '', 36),
(277, 'LS 10', 138, 'Ana, Jose y Cano', '1', 41),
(278, 'LS 10', 120, 'A tu lado', '', 34),
(279, 'LS 10', 97, 'De aquí a Ketama', '', 41),
(280, 'LS 10', 58, 'E.B.S.', '', 31),
(281, 'LS 10', 228, 'Escuela de Calor', '', 41),
(282, 'LS 11', 218, 'Casal Vive', '3', 35),
(283, 'LS 11', 164, 'Grandes Exitos', '1', 39),
(284, 'LS 11', 185, 'Grandes Exitos', '1', 39),
(285, 'LS 11', 15, 'Cosas mías', '3', 35),
(286, 'LS 11', 114, 'Los Caños', '3', 34),
(287, 'LS 11', 180, 'El dorado', '', 34),
(288, 'LS 11', 73, 'Grandes Exitos', '1', 39),
(289, 'LS 11', 138, 'Entre el cielo y la tierra', '', 51),
(290, 'LS 12', 48, 'Teatro Victoria Eugenia', '1', 48),
(291, 'LS 12', 68, 'Estopa I', '', 33),
(292, 'LS 12', 111, 'A por ellos que son pocos y cobardes', '7', 61),
(293, 'LS 12', 111, 'Mis problemas con las mujeres', '3', 54),
(294, 'LS 12', 132, 'Grandes Exitos y rarezas', '1', 49),
(295, 'LS 12', 118, 'Grandes Exitos', '1', 39),
(296, 'LS 12', 88, 'Y viceversa... En Directo', '', 50),
(297, 'LS 12', 89, 'Organic', '', 32),
(298, 'LS 12', 165, 'Both sides', '', 35),
(299, 'LS 13', 16, 'Asia', '', 29),
(300, 'LS 13', 16, 'Aqua', '6', 29),
(301, 'LS 13', 16, 'Axioms', '', 31),
(302, 'LS 13', 210, 'Live in Stockholm 1963 & Live in Usa 64-65', '', 67),
(304, 'LS 13', 27, 'Cross road', '5', 35),
(305, 'LS 13', 27, 'One wild nicht ( live 1985-2001 )', '', 58),
(306, 'LS 13', 51, 'On the nicht', '', 37),
(307, 'LS 13', 51, 'Money for nothing', '', 42),
(308, 'LS 13', 51, 'Live at BBC', '', 36),
(309, 'LS 13', 56, 'Grandes Exitos', '1', 39),
(310, 'LS 13', 207, 'Symphony or dawn', '', 41),
(311, 'LS 14', 8, 'Mirame', '2', 31),
(312, 'LS 14', 14, 'Alta Suciedad', '', 38),
(313, 'LS 14', 57, 'Astronomia razonable', '', 45),
(314, 'LS 14', 123, 'Mira que eres canalla', '2', 46),
(315, 'LS 14', 31, 'La taberna del buda', '', 44),
(316, 'LS 14', 37, 'Gente impresentable', '', 44),
(317, 'LS 14', 37, 'Cuéntame un cuento', '', 43),
(318, 'LS 14', 73, 'Camino Soria', '', 37),
(319, 'LS 14', 98, 'Un ratito de gloria', '', 44),
(320, 'LS 14', 103, 'Capturados vivos', '7', 41),
(321, 'LS 14', 113, 'Rebuzno de amor', '', 40),
(322, 'LS 14', 160, 'Las mejores canciones', '3', 46),
(323, 'LS 14', 88, 'Hotel, duclce hotel', '', 44),
(324, 'LS 15', 178, 'Automatic for the people', '', 49),
(325, 'LS 15', 190, 'The best of Sade', '', 41),
(326, 'LS 15', 193, 'Still loving you', '', 41),
(327, 'LS 15', 204, 'The best of', '', 36),
(328, 'LS 15', 209, 'The very best of', '', 41),
(329, 'LS 15', 214, 'The best', '', 33),
(330, 'LS 15', 232, 'Relayers', '', 33),
(331, 'LS 15', 232, 'Close to edge', '5', 38),
(332, 'LS 15', 232, 'Going for the one', '', 42),
(333, 'LS 15', 232, 'Yesterdays', '3', 35),
(334, 'LS 15', 232, 'The yes album', '', 38),
(336, 'LS 16', 170, 'Queen I', '', 32),
(337, 'LS 16', 170, 'Queen II', '', 33),
(338, 'LS 16', 170, 'Heer heart attack', '', 42),
(339, 'LS 16', 170, 'A Night at the opera', '', 45),
(340, 'LS 16', 170, 'A Day at the races', '8', 43),
(341, 'LS 16', 170, 'News of the world', '', 42),
(342, 'LS 16', 170, 'Jazz', '9', 29),
(343, 'LS 16', 170, 'The Game', '', 33),
(344, 'LS 16', 170, 'Flash Gordon', '1', 37),
(345, 'LS 16', 170, 'Hot space', '', 34),
(346, 'LS 16', 170, 'The works', '', 34),
(347, 'LS 16', 170, 'Kind of magic', '', 38),
(348, 'LS 16', 170, 'The miracle', '', 36),
(349, 'LS 16', 170, 'Innuendo', '', 33),
(350, 'LS 16', 170, 'Made in Heaven', '8', 39),
(351, 'LS 16', 170, 'Freddy Mercury', '', 39),
(352, 'LS 18', 162, 'Top Hits', '7', 33),
(353, 'LS 18', 171, 'De un Pais en llamas', '', 45),
(354, 'LS 18', 171, 'La canción de Juan Perro', '', 49),
(355, 'LS 18', 87, 'Para piel de manzana', '2', 45),
(356, 'LS 18', 87, '1978', '', 29),
(357, 'LS 18', 87, 'Cancion infantil', '', 41),
(358, 'LS 18', 87, 'Dedicado a Antonio Machado', '8', 51),
(359, 'LS 18', 87, 'El sur también existe', '', 46),
(360, 'LS 18', 87, 'En tránsito', '', 36),
(361, 'LS 18', 87, 'La paloma', '', 34),
(362, 'LS 18', 87, 'Mediterraneo', '8', 37),
(363, 'LS 18', 87, 'Mi niñez', '', 33),
(364, 'LS 18', 87, 'Nadie es perfecto', '8', 42),
(365, 'LS 18', 130, 'The Best', '', 33),
(366, 'LS 18', 226, 'Grandes éxitos', '1', 39),
(367, 'LS 19', 4, 'Gaudi', '6', 30),
(368, 'LS 19', 4, 'Vulture Culture', '', 40),
(369, 'LS 19', 4, 'Ammonia avenue', '', 39),
(370, 'LS 19', 4, 'Live', '', 29),
(371, 'LS 19', 4, 'Try anything once', '10', 42),
(372, 'LS 19', 31, 'La taberna del buda', '', 44),
(373, 'LS 19', 60, 'Love song', '', 34),
(374, 'LS 19', 65, 'A day without rain', '8', 43),
(375, 'LS 19', 65, 'The celts', '', 34),
(376, 'LS 19', 65, 'The memory of tree', '', 43),
(377, 'LS 19', 65, 'Shepherd moons', '', 39),
(378, 'LS 19', 65, 'Watermark', '', 34),
(379, 'LS 19', 69, 'The Final coutdown', '', 43),
(380, 'LS 19', 81, 'Images', '1', 31),
(381, 'LS 19', 136, 'Neck and Neck', '', 38),
(382, 'LS 20', 47, 'Supernatural', '7', 37),
(383, 'LS 20', 62, 'Sus Grandes canciones de amor', '3', 54),
(384, 'LS 20', 66, 'Unplugged', '7', 34),
(386, 'LS 20', 75, 'We can´t dance', '', 39),
(387, 'LS 20', 81, 'Metamorphosis', '', 38),
(388, 'LS 20', 89, 'Grandes exitos', '1', 39),
(389, 'LS 20', 109, 'More best of', '2', 37),
(390, 'LS 20', 143, 'El rock de una noche de verano', '', 55),
(391, 'LS 20', 143, 'Rocanrol Bumerang', '', 42),
(392, 'LS 20', 143, 'Los viejos rockeros nunca mueren', '3', 57),
(393, 'LS 20', 178, 'Reveal', '', 31),
(394, 'LS 20', 224, 'All that you can´t leave behind', '', 56),
(395, 'LS 23', 130, 'Organisation', '', 37),
(396, 'LS 23', 130, 'Arquitectura y moralidad', '11', 49),
(407, 'LS 23', 223, 'Mr fantasy', '', 35),
(408, 'LS 23', 223, 'The best of traffic', '', 44),
(409, 'LS 23', 223, 'Traffic', '1', 32),
(410, 'LS 23', 223, 'When the eagle flies', '', 45),
(411, 'LS 23', 109, 'In concert (Cohen live)', '', 48),
(412, 'LS 23', 141, 'Thriller', '2', 33),
(413, 'LS 23', 146, 'Back for good', '', 38),
(414, 'LS 23', 170, 'Queen III', '', 34),
(415, 'LS 23', 193, 'Best', '3', 29),
(416, 'LS 24', 23, 'Conan the Barbarian', '', 44),
(417, 'LS 24', 63, 'The very best', '', 38),
(418, 'LS 24', 78, 'Lo mejor', '', 33),
(419, 'LS 24', 90, 'Greatest Hits 1969 - 1999', '', 50),
(420, 'LS 24', 107, 'Remasters', '', 34),
(421, 'LS 24', 112, 'The visit', '', 34),
(422, 'LS 24', 112, 'Parallel dreams', '2', 40),
(423, 'LS 24', 144, 'The milenium tubulars bells', '', 52),
(424, 'LS 24', 182, 'Time machine', '', 37),
(425, 'LS 24', 187, 'In the eye of the storm', '', 48),
(426, 'LS 27', 123, 'Paseo por el amor y el deseo', '3', 53),
(427, 'LS 27', 142, 'Lo mejor', '', 33),
(428, 'LS 27', 45, 'Dile que la quiero', '', 43),
(429, 'LS 27', 58, 'Ella Baila Sola', '', 40),
(430, 'LS 27', 58, 'E.B.S.', '', 31),
(431, 'LS 27', 58, 'Marta y Marilia', '2', 40),
(432, 'LS 27', 71, 'Donde está la vida', '', 43),
(433, 'LS 27', 37, 'Nos vemos en los bares', '3', 47),
(434, 'LS 27', 37, 'Tranquilo Majete', '1', 41),
(435, 'LS 27', 37, 'Salida de Emergencia', '', 45),
(436, 'LS 28', 82, 'De vuelta y media', '', 42),
(437, 'LS 28', 94, 'Mr. Hambre', '', 35),
(438, 'LS 28', 17, 'La mision', '', 34),
(439, 'LS 28', 120, 'Grandes éxitos vol. 2', '1', 46),
(440, 'LS 28', 125, 'Pequeños y grandes exitos', '11', 50),
(441, 'LS 28', 148, 'Minage', '', 31),
(442, 'LS 28', 174, 'Sueño tu boca', '', 38),
(443, 'LS 28', 188, 'Lunas Rotas', '', 36),
(444, 'LS 28', 57, 'Como la cabeza al sombrero', '', 51),
(445, 'LS 28', 57, 'Cuando la pobreza entra ...', '1', 52),
(446, 'LS 28', 57, 'Pequeño catálogo', '11', 41),
(447, 'LS 28', 57, 'La rebelion de los hombres rana', '', 56),
(448, 'LS 29', 88, 'El hombre del traje gris', '', 49),
(449, 'LS 29', 88, 'Esta boca es mia', '', 41),
(450, 'LS 29', 88, 'Fisica y Quimica', '3', 41),
(451, 'LS 29', 88, 'Inventario', '', 35),
(452, 'LS 29', 88, '19 días y 500 noches', '', 45),
(453, 'LS 29', 88, 'Juez y Parte', '', 37),
(454, 'LS 29', 88, 'Malas compañías', '', 40),
(455, 'LS 29', 88, 'Mandrágora', '', 35),
(456, 'LS 29', 88, 'Mentiras Piadosas', '', 42),
(457, 'LS 29', 88, 'Ruleta Rusa', '', 36),
(458, 'LS 29', 88, 'Yo, mi, me, conmigo', '', 44),
(459, 'LS 29', 17, 'Pulp Fiction', '', 37),
(460, 'LS 29', 176, 'Anuncios TV 3', '6', 38),
(461, 'LS 29', 138, 'Descanso Dominical', '3', 43),
(462, 'LS 31', 225, 'Promises and lies', '5', 42),
(463, 'LS 31', 224, 'The best of U2', '', 39),
(464, 'LS 31', 170, 'At the beeb', '', 36),
(465, 'LS 31', 170, 'Grandes Exitos II', '1', 42),
(466, 'LS 31', 85, 'Thick as a Brick', '', 41),
(467, 'LS 31', 28, 'The best of me', '', 39),
(468, 'LS 31', 40, 'Working to fire and steel', '2', 50),
(469, 'LS 31', 40, 'Flaunt the imperfection', '1', 48),
(470, 'LS 32', 17, 'Aladino', '1', 32),
(471, 'LS 32', 17, 'El Jorobado de Notre Dame', '', 50),
(472, 'LS 32', 17, 'El Principe de Egipto', '', 46),
(473, 'LS 32', 17, 'El rey Leon', '', 36),
(474, 'LS 32', 17, 'Pochahontas', '', 36),
(475, 'LS 32', 17, 'Tarzan en español', '2', 42),
(476, 'LS 32', 17, 'Forrest Gump', '2', 37),
(477, 'LS 32', 17, 'Lo mejor de Disney', '', 43),
(478, 'LS 32', 17, 'The best of James Bond', '', 47),
(479, 'LS 32', 197, 'Live', '', 29),
(480, 'LS 32', 176, 'Te quiero TV', '', 37),
(481, 'LS 33', 176, 'Las 101 mejores canciones del Universo', '3', 63),
(482, 'LS 33', 206, 'Paris', '2', 30),
(483, 'LS 33', 206, 'It was the best of times', '', 49),
(484, 'LS 33', 109, 'Ten new songs', '', 38),
(485, 'LS 35', 176, 'Bellisima 1', '', 36),
(486, 'LS 35', 176, 'Bellisima 2', '', 36),
(487, 'LS 35', 176, 'Bellisima 3', '', 36),
(488, 'LS 35', 176, 'Caribe Mix 2001', '2', 40),
(489, 'LS 35', 66, 'Reptile', '7', 32),
(490, 'LS 35', 70, 'Peace', '1', 30),
(491, 'LS 35', 101, 'The man machines', '', 41),
(492, 'LS 35', 101, 'The mix', '', 32),
(493, 'LS 36', 17, 'Titanic', '', 32),
(494, 'LS 36', 17, 'La caza del octubre rojo', '', 49),
(496, 'LS 36', 57, 'Nuevas mezclas', '', 39),
(497, 'LS 36', 180, 'Sur', '2', 28),
(498, 'LS 36', 170, 'Grandes Exitos I', '1', 41),
(499, 'LS 36', 197, 'Greatest hits', '', 38),
(500, 'LS 36', 206, 'The very best', '', 38),
(501, 'LS 36', 213, 'Bury the hachet', '2', 40),
(502, 'LS 36', 108, 'mama said', '', 34),
(503, 'LS 36', 108, 'Jet love rule', '', 38),
(504, 'LS 36', 108, 'Circus', '2', 31),
(505, 'LS 36', 108, 'Are you gonna go my way', '', 48),
(506, 'LS 37', 144, 'Guitars', '', 32),
(507, 'LS 37', 67, 'Estilo Libre', '', 37),
(508, 'LS 37', 176, 'More greatest hits of 80', '2', 49),
(509, 'LS 38', 215, 'Black and blue', '1', 39),
(510, 'LS 38', 215, 'Goats head soup', '1', 40),
(511, 'LS 38', 215, 'Some girls', '', 35),
(512, 'LS 38', 215, 'It´s only rock & roll', '', 46),
(513, 'LS 38', 215, 'Emotional rescue', '5', 41),
(514, 'LS 38', 215, 'Singles collection', '', 43),
(515, 'LS 38', 215, 'Bridges to Babylon', '', 43),
(516, 'LS 38', 215, 'Sticky fingers', '', 39),
(517, 'LS 38', 215, 'Exile on main street', '', 45),
(518, 'LS 38', 215, 'Thebe', '', 30),
(519, 'LS 38', 222, 'Crossroad', '5', 34),
(520, 'LS 38', 222, 'Telling', '', 32),
(521, 'LS 39', 205, 'Brand new days', '1', 39),
(522, 'LS 39', 67, 'Eros', '5', 29),
(523, 'LS 39', 176, 'Love album vol 3', '', 41),
(524, 'LS 39', 176, 'VH 1 Divas Live', '', 40),
(525, 'LS 39', 176, 'Las 101 mejores canciones del planeta tierra', '3', 69),
(526, 'LS 45', 15, 'Lo mejor', '', 33),
(527, 'LS 45', 143, 'Y las estrellas del rock latino', '', 56),
(528, 'LS 45', 152, '50 Aniversario', '', 39),
(529, 'LS 45', 24, 'This is the where came', '', 47),
(530, 'LS 45', 168, 'Ser de Agua', '2', 36),
(531, 'LS 45', 30, 'Born in the USA', '2', 40),
(532, 'LS 45', 30, 'Born to run', '2', 36),
(533, 'LS 45', 30, 'Darkness on the ...', '2', 44),
(534, 'LS 45', 108, 'Five', '', 29),
(535, 'LS 45', 108, 'Gold 2000', '', 34),
(536, 'LS 46', 193, 'Acústico', '', 33),
(537, 'LS 46', 30, 'Greatest hits', '', 38),
(538, 'LS 46', 30, 'Human touch', '', 36),
(539, 'LS 46', 30, 'Live 1975 - 85', '', 39),
(540, 'LS 46', 30, 'Lucky town', '', 35),
(541, 'LS 46', 30, 'Nebraska', '', 33),
(542, 'LS 46', 30, 'The River', '', 34),
(543, 'LS 46', 30, 'The wild, the inocent', '', 46),
(544, 'LS 46', 30, 'Tunel of love', '', 38),
(545, 'LS 46', 30, 'Gretting´s from absurde ...', '', 52),
(546, 'IMAGEN 1', 67, 'Eros', '5', 29),
(547, 'IMAGEN 1', 134, 'Butterfly', '', 34),
(548, 'IMAGEN 1', 134, 'Daydream', '10', 33),
(549, 'IMAGEN 1', 137, 'Usar y tirar', '1', 37),
(550, 'IMAGEN 1', 142, '11 maneras de ponerse el sombrero', '', 58),
(551, 'IMAGEN 1', 144, 'Tubular Bell III', '', 41),
(552, 'IMAGEN 1', 145, 'A mis niños de 30 años', '', 47),
(553, 'IMAGEN 1', 158, 'Antropop', '', 33),
(554, 'IMAGEN 1', 159, 'A lo cubano', '', 36),
(555, 'IMAGEN 2', 176, 'Ballads', '', 32),
(556, 'IMAGEN 2', 28, 'The best of me', '', 39),
(557, 'IMAGEN 2', 36, 'El amor de mi tierra', '', 45),
(558, 'IMAGEN 2', 39, 'Believe', '', 32),
(559, 'IMAGEN 2', 176, 'Disco', '3', 30),
(560, 'IMAGEN 3', 19, 'A collection of his greatest hits', '', 58),
(561, 'IMAGEN 3', 42, 'Christina Aguilera', '2', 43),
(562, 'IMAGEN 3', 176, 'Periodistas cd1', '2', 40),
(563, 'IMAGEN 3', 176, 'Periodistas cd2', '2', 40),
(564, 'IMAGEN 3', 176, 'Hits', '', 29),
(565, 'IMAGEN 3', 176, 'Hits del EUROTRANCE, LATINOS', '', 53),
(566, 'IMAGEN 3', 176, 'Hits del POP-DANCE', '', 43),
(567, 'IMAGEN 3', 120, 'A tu lado', '', 34),
(568, 'IMAGEN 3', 176, 'Supervivientes cd1', '7', 43),
(569, 'IMAGEN 3', 176, 'Supervivientes cd2', '7', 43),
(570, 'IMAGEN 3', 176, 'Supervivientes cd3', '7', 43),
(571, 'IMAGEN 4', 52, 'De hombre a mujer', '', 42),
(572, 'IMAGEN 4', 68, 'Estopa', '', 31),
(573, 'IMAGEN 4', 76, 'The Best of George Michael', '', 51),
(574, 'IMAGEN 4', 176, 'Instrumental', '3', 37),
(575, 'IMAGEN 4', 83, 'On the 6', '', 33),
(576, 'IMAGEN 4', 84, 'Jennifer Paige', '', 39),
(577, 'IMAGEN 4', 86, 'Pieces of you', '', 38),
(578, 'IMAGEN 4', 92, 'Alma', '', 29),
(579, 'IMAGEN 4', 93, 'Ni es lo mismo ni es igual', '', 51),
(580, 'IMAGEN 4', 124, 'Amarte es un placer', '1', 44),
(581, 'IMAGEN 4', 129, 'Unplugged', '7', 34),
(582, 'IMAGEN 4', 133, 'Eclipse', '', 32),
(583, 'IMAGEN 5', 6, 'El alma al aire', '', 40),
(584, 'IMAGEN 5', 38, 'Simplemente', '', 36),
(585, 'IMAGEN 5', 44, 'Born to do it', '2', 38),
(586, 'IMAGEN 5', 64, 'Enrique', '2', 32),
(587, 'IMAGEN 5', 151, 'La vida es', '', 35),
(588, 'IMAGEN 5', 176, 'Pop Latino', '7', 35),
(589, 'IMAGEN 5', 181, 'Con los pies en el suelo', '', 49),
(590, 'IMAGEN 5', 183, 'Ricky', '', 30),
(591, 'IMAGEN 5', 176, 'Rock', '', 29),
(592, 'IMAGEN 5', 189, 'Have  a nice day', '', 41),
(593, 'IMAGEN 5', 191, 'Supernatural', '7', 37),
(594, 'IMAGEN 5', 192, 'Savage Garden', '', 38),
(595, 'MP3_C_1', 7, 'La Ultima Tentación', '', 44),
(596, 'MP3_C_1', 57, 'Nuevo', '', 30),
(597, 'IMAGEN 5', 228, 'Escuela de calor', '', 41),
(598, 'MP3_C_1', 97, 'De aquí a Ketama', '', 41),
(599, 'MP3_C_1', 106, 'Tren de Largo Recorrido (En Directo)', '', 61),
(600, 'MP3_C_1', 131, 'Manolo García-Pérez', '', 44),
(601, 'MP3_C_1', 138, 'Ana Jose Nacho', '1', 39),
(602, 'MP3_C_1', 143, 'Rock & Rios', '', 36),
(603, 'MP3_C_1', 171, 'Memoria del Porvenir', '', 45),
(604, 'MP3_C_1', 173, 'Gerundina', '2', 34),
(605, 'MP3_C_2', 9, 'Mucho mas que dos', '', 42),
(606, 'MP3_C_2', 10, 'El gusto es nuestro', '', 44),
(607, 'MP3_C_2', 35, 'Divan del Tamarit', '', 42),
(608, 'MP3_C_2', 35, 'De lo perdío y otras coplas', '', 52),
(609, 'MP3_C_2', 35, 'El color de la vida', '', 44),
(610, 'MP3_C_2', 35, 'Mis 30  mejores canciones', '3', 50),
(611, 'MP3_C_2', 35, 'Quédate con la copla', '', 45),
(612, 'MP3_C_2', 35, 'La copla', '', 33),
(613, 'MP3_C_2', 87, 'Sombras de la China', '', 44),
(614, 'MP3_C_2', 88, 'Yo, mi, me, conmigo', '', 44),
(615, 'MP3_C_2', 88, '19 días y 500 noches', '', 45),
(616, 'MP3_C_2', 123, 'Paseo por el amor y el deseo', '3', 53),
(617, 'MP3_C_3', 1, 'Abba', '', 29),
(619, 'MP3_C_4', 43, 'Coro Rociera de Matalascañas', '2', 53),
(620, 'MP3_C_4', 62, 'sin nonbre', '', 35),
(621, 'MP3_C_4', 98, 'Puro Veneno-', '2', 37),
(622, 'MP3_C_4', 98, 'De culto', '', 33),
(623, 'MP3_C_4', 117, 'Cantan A Gardel', '', 40),
(624, 'MP3_C_4', 118, 'Grandes Exitos', '1', 39),
(625, 'MP3_C_4', 185, 'Grandes Exitos', '1', 39),
(626, 'MP3_C_5', 82, 'De Vuelta y Vuelta', '', 43),
(627, 'MP3_C_5', 176, 'los 100 de los 80', '3', 42),
(628, 'MP3_C_5', 162, 'Paulina', '6', 32),
(629, 'MP3_C_5', 176, 'Soul 100', '6', 33),
(630, 'MP3_C_6', 17, 'Terra Nostra', '2', 37),
(631, 'MP3_C_6', 34, 'Yo Naci Para Amar', '', 42),
(632, 'MP3_C_6', 176, 'CM vol 3', '', 33),
(633, 'MP3_C_6', 176, 'CM vol 2', '', 33),
(634, 'MP3_C_6', 176, 'CM vol 4', '', 33),
(635, 'MP3_C_6', 176, 'CM vol 5', '', 33),
(636, 'MP3_C_6', 55, 'Cosas de la vida', '3', 41),
(637, 'MP3_C_6', 55, 'Hablemos De Amor', '', 41),
(638, 'MP3_C_6', 95, 'Noche de cuatro Lunas', '', 46),
(639, 'MP3_C_6', 105, 'El Viaje De coppepot', '', 45),
(640, 'MP3_C_6', 119, 'Sentimientos', '', 37),
(641, 'MP3_C_6', 179, 'Sevillanas 2001', '', 40),
(642, 'CANTAUTORES', 9, 'Mucho mas que dos', '', 42),
(643, 'CANTAUTORES', 10, 'El gusto es nuestro', '', 44),
(644, 'CANTAUTORES', 35, 'De lo perdío y otras coplas', '', 52),
(645, 'CANTAUTORES', 35, 'Divan del Tamarit', '', 42),
(646, 'CANTAUTORES', 35, 'El color de la vida', '', 44),
(647, 'CANTAUTORES', 35, 'La copla', '', 33),
(648, 'CANTAUTORES', 35, 'Mis 30  mejores canciones', '3', 50),
(649, 'CANTAUTORES', 35, 'Quédate con la copla', '', 45),
(650, 'CANTAUTORES', 87, 'Sombras de la China', '', 44),
(651, 'CANTAUTORES', 88, '19 días y 500 noches', '', 45),
(652, 'CANTAUTORES', 88, 'Yo, mi, me, conmigo', '', 44),
(653, 'CANTAUTORES', 123, 'Paseo por el amor y el deseo', '3', 53),
(654, 'Les Luthiers', 110, 'Todo en mp3 (sueltas)', '8', 46),
(655, 'Pink Floyd MP3', 166, 'ALBUMES UNIDOS', '', 39),
(657, 'BEATLES MP3', 210, 'ALBUMES UNIDOS', '', 39),
(658, 'MP3_C_3', 37, 'Bares 1', '2', 32),
(659, 'MP3_C_3', 65, 'The memory of tree', '', 43),
(660, 'MP3_C_3', 93, 'Grandes exitos 4 40', '1', 44),
(661, 'MP3_C_3', 170, 'Grandes Exitos I', '1', 41),
(662, 'MP3_C_3', 170, 'Grandes Exitos II', '1', 42),
(663, 'MP3_C_3', 17, 'Pulp Fiction', '', 37),
(664, 'MP3_C_3', 176, 'The Tarantino Connection', '', 49),
(665, 'MP3_C_3', 195, 'En la boca del volcán', '', 46),
(666, 'MP3_C_3', 206, 'Crime of the Century', '', 45),
(667, 'MP3_C_3', 231, 'Ally McBeal', '', 36);

-- --------------------------------------------------------

--
-- Estructura de tabla para la tabla `autores`
--

CREATE TABLE `autores` (
  `idAutor` int(3) DEFAULT NULL,
  `nombre` varchar(43) DEFAULT NULL
) ENGINE=InnoDB DEFAULT CHARSET=utf8;

--
-- Volcado de datos para la tabla `autores`
--

INSERT INTO `autores` (`idAutor`, `nombre`) VALUES
(1, 'Abba'),
(2, 'AC DC'),
(3, 'A-HA'),
(4, 'Alan Parson Proiect'),
(5, 'Alanis Morissette'),
(6, 'Alejandro Sanz'),
(7, 'Amistades peligrosas'),
(8, 'Ana Belen'),
(9, 'Ana Belen & Victor Manuel'),
(10, 'Ana Belen & Victor Manuel & Miguel Rios ...'),
(11, 'Ana Gabriel'),
(12, 'Ana Torroja'),
(13, 'Andrea Bocelli'),
(14, 'Andres Calamaro'),
(15, 'Antonio Flores'),
(16, 'Asia'),
(17, 'B.S.O.'),
(18, 'Babel fish'),
(19, 'Baby Face'),
(20, 'Backstreet Boys'),
(21, 'Barbra Streisand'),
(22, 'Barry White'),
(23, 'Basil Poledouris'),
(24, 'Bee Gees'),
(25, 'Bertín Osborne'),
(26, 'Bob Marley'),
(27, 'Bon Jovi'),
(28, 'Brian Adams'),
(29, 'Britney Spears'),
(30, 'Bruce Springsteen'),
(31, 'Café Quijano'),
(32, 'Camel'),
(33, 'Camela'),
(34, 'Carlos Baute'),
(35, 'Carlos Cano'),
(36, 'Carlos Vives'),
(37, 'Celtas Cortos'),
(38, 'Chayanne'),
(39, 'Cher'),
(40, 'China Crisis'),
(41, 'Christian Castro'),
(42, 'Christina Aguilera'),
(43, 'Coro Rociera de Matalascañas'),
(44, 'Craig David'),
(45, 'David Civera'),
(46, 'Demi Roussos'),
(47, 'Des´ree'),
(48, 'Dhuncan Dhu'),
(49, 'Diana King'),
(50, 'Diego Torres'),
(51, 'Dire Straits'),
(52, 'Donato y Estefano'),
(53, 'Dover'),
(54, 'Eagle-Eye'),
(55, 'Ecos del Rocio'),
(56, 'Eddy Grant'),
(57, 'El Ultimo de la Fila'),
(58, 'Ella Baila Sola'),
(59, 'ELP'),
(60, 'Elton Jhon'),
(61, 'Elvis Crespo'),
(62, 'Elvis Presley'),
(63, 'Ennio Morricone'),
(64, 'Enrique Iglesias'),
(65, 'Enya'),
(66, 'Eric Clapton'),
(67, 'Eros Ramazzoti'),
(68, 'Estopa'),
(69, 'Europe'),
(70, 'Eurythmics'),
(71, 'Francisco Céspedes'),
(72, 'Fugees'),
(73, 'Gabinete Caligari'),
(74, 'Gary Moore'),
(75, 'Genesis'),
(76, 'George Michael'),
(77, 'Gloria Estefan'),
(78, 'Gwendal'),
(79, 'India'),
(80, 'Iron Maiden'),
(81, 'J.M. JARRE'),
(82, 'Jarabe de palo'),
(83, 'Jennifer López'),
(84, 'Jennifer Paige'),
(85, 'Jethro Tull'),
(86, 'Jewel'),
(87, 'Joan Manuel Serrat'),
(88, 'Joaquin Sabina'),
(89, 'Joe Cocker'),
(90, 'John Willians'),
(91, 'Jon Secada'),
(92, 'José el Francés'),
(93, 'Juan Luis Guerra'),
(94, 'Juan Perro'),
(95, 'Julio lgesias'),
(96, 'Kansas'),
(97, 'Ketama'),
(98, 'Kiko Veneno'),
(99, 'King Africa'),
(100, 'King Crimson'),
(101, 'Kraftwerk'),
(102, 'La barbería del sur'),
(103, 'La Frontera'),
(104, 'La mosca'),
(105, 'La Oreja de Van Gogh'),
(106, 'La Unión'),
(107, 'Led Zeppelin'),
(108, 'Lenny Kravitz'),
(109, 'Leonard Cohen'),
(110, 'Les Luthiers'),
(111, 'Loquillo y los trogloditas'),
(112, 'Lorena McKinnit'),
(113, 'Los Burros'),
(114, 'Los Caños'),
(115, 'Los chungitos'),
(116, 'Los cucas'),
(117, 'Los panchos'),
(118, 'Los Pecos'),
(119, 'Los Romeros de la puebla'),
(120, 'Los secretos'),
(121, 'Lou Bega'),
(122, 'Luar Na Lubre'),
(123, 'Luis Eduardo Aute'),
(124, 'Luis Miguel'),
(125, 'Luz'),
(126, 'Maita vende cá'),
(127, 'Malanga'),
(128, 'Malú'),
(129, 'Man'),
(130, 'Maniobras Orquestales en la Oscuridad'),
(131, 'Manolo García-Pérez'),
(132, 'Manolo Tena'),
(133, 'Marcela Morelo'),
(134, 'Mariah Carey'),
(135, 'Marilyn Manson'),
(136, 'Mark Knopfler'),
(137, 'Mclan'),
(138, 'Mecano'),
(139, 'Melón Diesel'),
(140, 'Michael Bolton'),
(141, 'Michael Jackson'),
(142, 'Miguel Bosé'),
(143, 'Miguel Rios'),
(144, 'Mike Oldfield'),
(145, 'Miliky'),
(146, 'Modern talking'),
(147, 'Mojinos eskozios'),
(148, 'Monica Naranjo'),
(149, 'Música china'),
(150, 'Neil Diamond'),
(151, 'Nek'),
(152, 'Nino Bravo'),
(153, 'Niña Pastori'),
(154, 'Nirvana'),
(155, 'No doubt'),
(156, 'No mercy'),
(157, 'Oasis'),
(158, 'OBK'),
(159, 'Orishas'),
(160, 'Pablo Milanes'),
(161, 'Paul MacCarthney'),
(162, 'Paulina Rubio'),
(163, 'Pearl Jam'),
(164, 'Periodistas'),
(165, 'Phil Collins'),
(166, 'Pink Floyd'),
(167, 'Plaza nueva'),
(168, 'Presuntos Implicados'),
(169, 'Princesa'),
(170, 'Queen'),
(171, 'Radio Futura'),
(172, 'Rage against the machine'),
(173, 'Raimundo Amador'),
(174, 'Raúl'),
(175, 'Raya real'),
(176, 'Recopilatorios'),
(177, 'Red hot chili peppers'),
(178, 'REM'),
(179, 'Requiebros'),
(180, 'Revolver'),
(181, 'Ricardo Igea'),
(182, 'Rick Wakeman'),
(183, 'Ricky Martin'),
(184, 'Ríos de gloria'),
(185, 'Roberto Carlos'),
(186, 'Rocío Jurado'),
(187, 'Roger Hodgson'),
(188, 'Rosana'),
(189, 'Roxette'),
(190, 'Sade'),
(191, 'Santana'),
(192, 'Savage Garden'),
(193, 'Scorpions'),
(194, 'Screaming trees'),
(195, 'Seguridad Social'),
(196, 'Shania Twain'),
(197, 'Simply Red'),
(198, 'Sisqó'),
(199, 'Ska-P'),
(200, 'Sonia Terol'),
(201, 'Soul asylum'),
(202, 'Soundgarden'),
(203, 'Spandau Ballet'),
(204, 'Status Quo'),
(205, 'Sting'),
(206, 'Supertramp'),
(207, 'Terence Trent D\' Arby\'s'),
(208, 'The Alan Parsons Project'),
(209, 'The Beach Boys'),
(210, 'The Beatles'),
(211, 'The blood hound gang'),
(212, 'The Corrs'),
(213, 'The cranberries'),
(214, 'The Doors'),
(215, 'The Rolling Stones'),
(216, 'Tijeritas'),
(217, 'Tina Turner'),
(218, 'Tino Casal'),
(219, 'Tom Jones'),
(220, 'Toni Braxton'),
(221, 'Toy Box'),
(222, 'Tracy Chapman'),
(223, 'Traffic'),
(224, 'U2'),
(225, 'UB 40'),
(226, 'Umbreto Tozzi'),
(227, 'Vangelis'),
(228, 'varios'),
(229, 'Vertigo'),
(230, 'Vicente Amigo'),
(231, 'Vonda Shepard'),
(232, 'Yes');

-- --------------------------------------------------------

--
-- Estructura de tabla para la tabla `casas`
--

CREATE TABLE `casas` (
  `idCasa` int(2) DEFAULT NULL,
  `nombre` varchar(11) DEFAULT NULL,
  `tipo` varchar(1) DEFAULT NULL
) ENGINE=InnoDB DEFAULT CHARSET=utf8;

--
-- Volcado de datos para la tabla `casas`
--

INSERT INTO `casas` (`idCasa`, `nombre`, `tipo`) VALUES
(1, 'EMI', 'A'),
(2, 'BGM Ltd.', 'A'),
(3, 'Ariel', 'B'),
(4, 'Virgin', 'F'),
(5, 'Sony Co.', 'E'),
(6, 'Discogram', 'B'),
(7, 'Polygram', 'E'),
(8, 'LUZ S.A.', 'B'),
(9, 'POLIDOUR', 'A'),
(10, 'Gallery co.', 'C'),
(11, 'Nirvana', 'F');
COMMIT;

/*!40101 SET CHARACTER_SET_CLIENT=@OLD_CHARACTER_SET_CLIENT */;
/*!40101 SET CHARACTER_SET_RESULTS=@OLD_CHARACTER_SET_RESULTS */;
/*!40101 SET COLLATION_CONNECTION=@OLD_COLLATION_CONNECTION */;
